module,family,deg,bet,repr_dist,is_candidate
0,1-acylglycerophosphoethanolamine O-acyltransferases,41.0,0.0010159802520462518,2.9580592281519973,0
0,2-arachidonoylglycerol hydrolases,45.0,0.00045472261920228663,2.508839996972079,0
0,3M complex subunits,40.0,0.14535966393833097,6.067336411540436,0
0,7D cadherins,19.0,0.0001801567710363345,2.4809491104632024,0
0,ADAM metallopeptidases with thrombospondin type 1 motif,48.0,0.00285392577194578,2.0504346016402675,0
0,ADAMTS like,26.0,0.0012455069074531204,1.2636279154465435,0
0,AKT kinase family,70.0,0.016722532588454377,2.673662686921969,0
0,ATP binding cassette subfamily C,15.0,0.00210818067645403,1.7678843143390308,0
0,ATP binding cassette subfamily D,6.0,2.4251873024121954e-05,1.9507188940911047,0
0,ATP binding cassette subfamily G,17.0,0.0012766878870555628,2.343092536201382,0
0,ATPase H+/K+ transporting,5.0,0.0,1.8670821700470943,0
0,ATPase copper transporting,38.0,0.00023732190030747912,1.9625939348988868,0
0,ATPases Ca2+ transporting,28.0,0.002347234853406089,2.765545494178116,0
0,Abl family tyrosine kinases,88.0,0.004547226192022866,2.1944841371592183,0
0,Actinins,23.0,0.00015417262136763242,2.513742716219102,0
0,Actins,19.0,4.7637607725953835e-05,2.9296287195027744,0
0,Adenylate cyclases,66.0,0.001328656186392967,2.465948100776278,0
0,"Adhesion G protein-coupled receptors, subfamily A",42.0,0.0035251829717205837,1.9408010899020964,0
0,"Adhesion G protein-coupled receptors, subfamily D",7.0,5.196829933740419e-06,2.072089402355137,0
0,"Adhesion G protein-coupled receptors, subfamily F",6.0,1.2125936512060977e-05,1.8486470485396975,0
0,"Adhesion G protein-coupled receptors, subfamily L",46.0,0.10189251223420381,3.727127143496158,0
0,Adrenoceptors,5.0,0.0,2.388862371677798,0
0,Ajuba family,32.0,0.0558659217877095,3.015165430029192,0
0,Alkaline ceramidases,19.0,0.00023385734701831883,3.0500742075940823,0
0,"Alpha 1,4-glycosyltransferases",6.0,5.110216101511412e-05,5.9184004056459285,0
0,Alpha-2-macroglobulin family,16.0,0.0021047161231648693,2.5498052107345823,0
0,Angiopoietins,50.0,0.0021558182841799837,3.0613296161037558,0
0,Angiotensin receptors,7.0,0.0,4.085179853462791,0
0,Anoctamins,34.0,0.0015547182885106753,1.6178012549694143,0
0,Apelin receptor,5.0,5.5432852626564465e-05,2.98492886433991,0
0,Aquaporins,17.0,0.9377541033303018,3.00393852038194,0
0,Arginine vasopressin and oxytocin receptors,8.0,0.3150049802953532,2.1389010555864023,0
0,Arylacetamide deacetylase family,5.0,0.0,1.637521981705634,0
0,Arylamine N-acetyltransferases,24.0,0.00045645489584686676,3.662105432151063,0
0,Astacins,12.0,0.00030574682776839465,1.6267948294587673,0
0,Atrophins,97.0,0.05586418951106492,2.7504604305212834,0
0,BAR and Dbl domain containing,17.0,0.00010220432203022823,2.865555687135539,0
0,Beaded filament structural proteins,12.0,0.0011900740548265558,1.9862232602645147,0
0,Bestrophins,5.0,5.629899094885454e-05,3.003852359824969,0
0,Beta 3-glycosyltransferases,127.0,0.0022424321164089905,1.3108209156214408,0
0,Beta catenins,33.0,0.0006409423584946516,2.8733008592533364,0
0,Beta-gamma crystallin domain containing,31.0,0.0036083322506604305,3.1399390538317404,0
0,Bivalent Mical/EHBP Rab binding domain containing,50.0,0.0007145641158893076,2.034416424630229,0
0,Blood group antigens,10.0,0.00018795201593694514,1.102577971000837,0
0,Bone morphogenetic proteins,19.0,0.0001264561950543502,1.1611941685374956,0
0,Bradykinin receptors,13.0,5.196829933740419e-06,2.6583939741572227,0
0,Branched chain amino acid transaminase family,5.0,9.527521545190768e-06,3.3628595345010717,0
0,C1q and TNF related,7.0,0.000186219739292365,1.9081731040620395,0
0,C1q domain containing,141.0,0.5033666796587415,2.0942677846120645,0
0,C2 and WW domain containing,20.0,0.7632696721666451,3.19447228526006,0
0,C2 domain containing phospholipases,63.0,5.196829933740419e-06,1.760956217897567,0
0,"C3 and PZP like, alpha-2-macroglobulin domain containing",42.0,2.5984149668702095e-05,1.690177213457668,0
0,CAP superfamily,10.0,8.574769390671691e-05,2.0055010431863933,0
0,CASK family,67.0,0.002293534277424105,3.567836430622143,0
0,CDC42 binding protein kinase family,64.0,0.001812827508553116,2.423705459158961,0
0,CDC42 effector proteins,58.0,1.2125936512060977e-05,1.6703795036793734,0
0,CREB3 transcription factor family,26.0,0.0003074791044129748,2.6669113499038053,0
0,CREC family,83.0,0.12142046684855572,1.8861163029814585,0
0,Calcitonin receptors,46.0,0.37487679182365424,3.241354876812625,0
0,Calpains,72.0,0.00210991295309861,1.4154054613850064,0
0,Canonical Notch ligands,19.0,0.0005352734831752631,1.8951506607591957,0
0,Carbonic anhydrases,7.0,0.0010878697327963277,1.9382089505962798,0
0,Caspases,34.0,0.00019141656922610543,2.7123717846360678,0
0,Caveolins,18.0,0.0006799185829977048,2.930033422925907,0
0,Cavins,31.0,2.5984149668702093e-06,2.6015305174592385,0
0,Cellular communication network factors,75.0,0.3343830929799489,2.728211933714864,0
0,Chemerin receptors,38.0,0.00045472261920228663,2.919307060364269,0
0,Chloride channel accessory,13.0,0.000148975791433892,3.032108074463592,0
0,Cholecystokinin receptors,5.0,0.0021947945086830366,4.4509371493553385,0
0,Clarins,11.0,0.0003048806894461046,2.468717364517087,0
0,Claudins,27.0,0.009580355982850461,1.4867988701327237,0
0,Collagens,29.0,0.0,2.375015862773965,0
0,Creatine kinase family,11.0,0.00018275518600320472,2.797224606504015,0
0,Cysteine rich transmembrane BMP regulators,19.0,5.196829933740419e-05,2.2741328630860833,0
0,Cytochrome P450 family 24,5.0,0.00019141656922610543,2.3801200125247095,0
0,DAN family,34.0,0.003044476202849595,1.8744099151534073,0
0,DOCK family Rho GEFs,171.0,0.002313455458836776,1.555631008959554,0
0,"Defensins, alpha",8.0,0.8792932311290114,2.668402841814083,0
0,Dishevelled binding antagonist of beta catenin family,93.0,0.0026417218829847128,1.5511314491460766,0
0,Dishevelled segment polarity proteins,87.0,0.8798995279546143,3.072068187135323,0
0,Dispanins,54.0,0.0016023558962366292,1.8286268428794406,0
0,Divergent protein kinase domain family,68.0,0.0020917240483305185,1.9484828951619726,0
0,Dual oxidase family,5.0,4.330691611450349e-06,2.3570580278763993,0
0,Dual oxidase maturation factor family,5.0,3.464553289160279e-06,2.1945528911745775,0
0,ELOVL fatty acid elongase family,17.0,3.118097960244251e-05,2.7743453461083574,0
0,ENAH/VASPs,80.0,9.873976874106796e-05,1.8686959957586087,0
0,EPS8 signaling adaptor family,53.0,0.0014178684335888442,2.3753203599124753,0
0,ESCRT-III,82.0,4.850374604824391e-05,2.9566342220277773,0
0,ESCRT-IV,66.0,0.00032826642414793646,3.550044857754795,0
0,Ectonucleoside triphosphate diphosphohydrolase family,59.0,0.0028201463773764673,2.2290273467187447,0
0,Ectonucleotide pyrophosphatase/phosphodiesterase family,24.0,0.0002659044649430514,2.9364633471211823,0
0,Endoplasmic reticulum to nucleus signaling family,5.0,0.0009137759300160236,3.941858235891505,0
0,Endothelin receptors,68.0,0.0007552726170369408,2.7518525948822083,0
0,Endothelins,16.0,8.661383222900698e-07,2.3362818839584203,0
0,Envelope ERV derived genes,10.0,0.0005300766532415227,1.8256482741676376,0
0,Ephrins,71.0,0.0016898358667879261,2.548281548780537,0
0,Epsin family,6.0,3.464553289160279e-06,2.501128644910753,0
0,Erb-b2 receptor tyrosine kinases,19.0,0.0026391234680178425,2.5813660753687633,0
0,Exostosin glycosyltransferase family,99.0,0.002519596379541813,1.7143205019548264,0
0,Extended synaptotagmins,49.0,0.002867783985102421,2.4037400153866755,0
0,F2R receptors,19.0,0.00034039236065999743,1.8967115546659314,0
0,Family with sequence similarity 83 ,30.0,0.0007171625308561777,2.725482340788641,0
0,Fatty acid binding protein family,14.0,0.003953055302931879,1.742307407386325,0
0,Fatty acid desaturases,5.0,6.32280975271751e-05,2.5356755373550954,0
0,Fibrillar collagens,50.0,0.000545667143042744,2.393008185450252,0
0,Fibrillin family,17.0,0.004662422588887445,1.8499986830836268,0
0,Fibrinogen C domain containing,13.0,6.58265124940453e-05,1.1710663800183574,0
0,Fibulins,72.0,0.00014464509982244165,2.5894712641942075,0
0,Filamin family,37.0,0.0002615737733316011,2.4011567916032797,0
0,"Fructose-1,6-bisphosphatases",5.0,0.0012844831319561735,3.5312431168669063,0
0,"G protein-coupled receptors, Class C orphans",34.0,0.0016976311116885367,2.562853828080114,0
0,"G protein-coupled receptors, Class F frizzled",97.0,0.0,1.9508138688567105,0
0,GDNF family ligands,5.0,2.5984149668702093e-06,1.1043545125102565,0
0,Gamma-glutamyltransferases,15.0,0.0011112554674981596,3.7621488265810057,0
0,Gelsolin/villins,32.0,0.0006132259321813694,2.2269921092639087,0
0,"Glucose 6-phosphatases, catalytic",7.0,4.330691611450349e-06,3.3411536833122217,0
0,Glucosylceramidases,95.0,0.0010168463903685418,2.9206193003207956,0
0,Glutamine--fructose-6-phosphate transaminase family,21.0,0.0002754319864882422,1.490059472665195,0
0,Glutathione peroxidase family,8.0,0.0012186566194621281,1.3312598906586943,0
0,Glycerol-3-phosphate acyltransferases,5.0,2.5118011346412022e-05,2.8948784108020846,0
0,Glycogen phosphorylases,9.0,1.3858213156641116e-05,3.06735246559975,0
0,Glycoprotein hormone subunits,6.0,0.00015330648304534236,2.294473573653553,0
0,Glycoside hydrolase family 1,5.0,1.5590489801221254e-05,2.601266366631153,0
0,Glycoside hydrolase family 31,39.0,0.00046511627906976747,1.5735851779566368,0
0,Glycosyltransferase family 90,105.0,0.6548958468667446,3.4011289827985522,0
0,Glypicans,73.0,0.0016153479710709802,1.2244762789601746,0
0,Golgi associated kinase family,59.0,0.0001550387596899225,2.4440276007364017,0
0,Growth hormone family,6.0,4.936988437053398e-05,2.4923599863773087,0
0,H1 histones,11.0,0.5500402754319865,2.4751642406010506,0
0,HOOK family,20.0,2.5984149668702093e-06,2.6547358635830096,0
0,HOXL subclass homeoboxes,5.0,0.0009241695898835044,0.9597896408140895,0
0,HUNK family kinases,5.0,0.00014464509982244165,3.542504183883396,0
0,Heme peroxidase family,5.0,0.00038543155341908106,1.9690594200090994,0
0,Hemoglobin subunits,6.0,0.6351738772681997,2.4653584944069435,0
0,Hepatocyte nuclear factor 4 family,26.0,0.0037521112121605823,3.6309746084186583,0
0,Histamine receptors,6.0,7.362175739465594e-05,2.4700767616583543,0
0,I-BAR domain containing,25.0,0.00018795201593694514,2.0981852976853923,0
0,I-set domain containing,143.0,0.877832055779308,1.1131984101124315,1
0,IgCAM CXADR-related subfamily,85.0,0.0026018795201593697,1.414634479980837,0
0,Insulin family,5.0,3.464553289160279e-06,3.060081694306465,0
0,Insulin like growth factor binding proteins,41.0,0.0008358234810099173,3.399353101128615,0
0,Integrin alpha subunits,138.0,0.0012974752067905246,1.5767878416359082,0
0,Integrin beta subunits,88.0,0.009672166645013209,1.4857992951967476,0
0,Intermediate filaments Type III,47.0,0.0039028192802390543,2.699872865300609,0
0,Isthmin family,5.0,6.0629682560304885e-05,1.8696195722392865,0
0,KDEL endoplasmic reticulum protein retention receptors,49.0,0.0004010220432203023,3.9462446161915032,0
0,KN motif and ankyrin repeat domain containing,48.0,0.0017972370187518947,2.3784645547757473,0
0,Kelch like,5.0,0.0,2.068091186264994,0
0,LAR protein receptor tyrosine phosphatase family,60.0,0.0006175566237928197,2.1306167978525217,0
0,LIM domain containing,75.0,0.0012429084924862502,1.8637138923298189,0
0,LIMS zinc finger family,44.0,0.0004876358754493093,2.811928681132727,0
0,LINE1 element derived gene,5.0,0.00033952622233770737,2.791286332441083,0
0,LRAT domain containing ,35.0,3.984236282534321e-05,2.3216222106034343,0
0,Laminin subunits,68.0,0.0017643237625048721,2.038099793076838,0
0,Latent transforming growth factor beta binding proteins,58.0,0.0011320427872331211,3.776148469683578,0
0,Leucine zipper tumor suppressor family,15.0,0.0,3.0541557363675533,0
0,Lipid phosphatases,38.0,0.00045472261920228663,3.642183198969858,0
0,Lipins,59.0,0.015249231302238968,2.3208191455552107,0
0,Low density lipoprotein receptors,58.0,0.018298904335022303,2.0126956529266957,0
0,M10 matrix metallopeptidases,9.0,0.000521415270018622,1.2421773031948855,0
0,M20 metallopeptidases,19.0,0.00010133818370793817,2.43744991676774,0
0,MAB21 family,5.0,0.0001403144082109913,2.6743556133160262,0
0,MADS box family,23.0,0.936837728985319,3.03214867976084,0
0,MARVEL domain containing,43.0,0.0002780304014551124,1.7738274626612616,0
0,MIA family,5.0,0.0002581092200424408,3.0441125205293242,0
0,MTOR complex 1,7.0,4.5039192759083625e-05,3.319650041218829,0
0,Major cadherins,6.0,0.00124117621584167,2.020392481262877,0
0,Mannosidases endo-alpha,24.0,7.795244900610627e-06,3.012009453536829,0
0,Matrilins,23.0,0.00030228227447923433,1.8575566503100807,0
0,Membrane associated progesterone receptor family,32.0,0.00410549564765493,2.678516401274694,0
0,Metallothioneins,20.0,0.11519553072625699,2.6646590764098574,0
0,Mucins,27.0,0.0005179507167294617,1.6125999675392435,0
0,Multiplexin collagens,23.0,8.488155558442684e-05,3.6243467891718963,0
0,"Myosin heavy chains, class VI",70.0,0.0011320427872331211,3.1774555265464945,0
0,Myosin phosphatase targeting family,40.0,9.787363041877788e-05,1.9579547886838702,0
0,N-arachidonoylethanolamine hydrolases,22.0,0.0011129877441427396,2.200960257939654,0
0,NHERF family PDZ scaffold proteins,35.0,0.002866917846780131,3.6351773952977084,0
0,NHS family,109.0,0.0012255857260404486,2.044660291287052,0
0,NUAK family kinases,11.0,0.00032220345589190595,2.8200532420352467,0
0,Nectins and nectin-like molecules,70.0,0.0061686371313498765,2.028286189923342,0
0,Network forming collagens,55.0,0.0002754319864882422,2.0970869087874693,0
0,Neuraminidases,5.0,0.0,2.092524617173604,0
0,Neurexophilin and PC-esterase domain containing,5.0,9.094452384045733e-05,1.8902737464796224,0
0,Neuropeptide FF receptors,5.0,1.1259798189770906e-05,2.4248928337776743,0
0,Neurotrophins,10.0,6.496037417175523e-05,1.6252968567295456,0
0,Notch receptors,59.0,0.28556320644406913,2.8087175127459374,0
0,Nuclear receptor subfamily 1 group H,6.0,0.0006366116668832013,3.7594158471889862,0
0,Nuclear receptor subfamily 1 group I,28.0,0.0049231302238967566,3.1478037114513473,0
0,Nuclear receptor subfamily 2 group F,42.0,0.0003274002858256464,3.4114656051347474,0
0,Nuclear receptor subfamily 3 group C,11.0,0.00039062838335282145,2.5491823219180887,0
0,Nucleoredoxin family,6.0,3.464553289160279e-05,1.5547082241407526,0
0,O-linked N-acetylglucosaminyltransferases,79.0,0.003856913949157681,2.4549155930550164,0
0,OOSP family,6.0,0.0003759040318738903,3.701897113577246,0
0,Olfactomedin domain containing ,110.0,0.21022129834134512,1.4952688515050003,0
0,"Olfactory receptors, family 14",10.0,0.8529851457277727,2.696790836134972,0
0,Overlapping transcripts,17.0,0.0012879476852453338,2.0945528718958317,0
0,Oxoglutarate receptor,6.0,0.0006062968256030488,2.006874255388004,0
0,PTK6 family tyrosine kinases,8.0,0.0007310207440128189,2.3237623548234354,0
0,Pappalysins,6.0,0.00014551123814473171,2.171821933824029,0
0,Paralemmins,26.0,0.9371252869083193,3.4547304405884454,0
0,Pepsinogens,6.0,0.0,4.942370331785652,0
0,Peptidase family A1,5.0,0.0002555108050755706,1.8170656706766364,0
0,Peptidase family A22,72.0,0.0004148802563769434,1.9669500501327004,0
0,Peptidase family C1,22.0,0.0003759040318738903,1.6948987047834303,0
0,Peptidyl arginine deiminases,7.0,0.14266164306439738,2.4977029984207713,0
0,Peroxisome proliferator activated receptors,18.0,0.00010480273699709844,1.9831258500391666,0
1,14-3-3 phospho-serine/phospho-threonine binding proteins,81.0,0.0011840110865705253,3.789590295641863,0
1,"5-hydroxytryptamine receptors, G protein-coupled",5.0,0.0,2.1755618645095502,0
1,APC membrane recruitment proteins,7.0,0.0,2.680851931635686,0
1,ATPase Na+/K+ transporting subunits,70.0,0.0012515698757091507,1.3922533264912318,0
1,Acid sensing ion channel subunits,56.0,0.000509289333506561,1.4964368268821902,0
1,Adaptor related protein complex 2,138.0,0.016596076393400026,2.6639484913318596,1
1,Adenosine receptors,13.0,1.7322766445801395e-06,2.475371373724229,0
1,"Adhesion G protein-coupled receptors, subfamily B",63.0,0.000310077519379845,2.3556025324609084,0
1,"Adhesion G protein-coupled receptors, subfamily V",13.0,0.00014377896150015158,4.40173368605409,0
1,Alpha catenins,114.0,0.00025897535836473084,2.554272968658654,1
1,Aromatic amino acid hydroxylase family,9.0,0.0004729115239703781,1.6331922045791964,0
1,BR serine/threonine kinases,38.0,0.0036568359967086746,3.257863835206069,0
1,Basic helix-loop-helix proteins,53.0,0.0008366896193322074,1.9482736196409056,0
1,"Beta-1,3-glucuronyltransferases",45.0,0.00013944826988870123,2.1573198955580555,0
1,Brain expressed X-linked family,48.0,0.0007344852973019791,3.996757070941962,0
1,C-X-3-C motif chemokine receptors,12.0,2.4251873024121954e-05,2.876167396372967,0
1,CAMK1 family,89.0,0.0011129877441427396,2.2259394657379397,0
1,CAMK2 family,24.0,0.00022952665540686848,2.370567657935652,0
1,CAMKV family,44.0,0.006382573296955524,3.7427491837756084,0
1,CAP and C-type lectin domain containing,7.0,0.0004486596509462561,4.5679352247234695,0
1,Calcineurin subunits,31.0,0.0001688969728465636,2.4437505415280634,0
1,Calcium channel auxiliary gamma subunits,12.0,0.7242917153869474,1.7261340017183942,0
1,Calcium voltage-gated channel alpha1 subunits,66.0,0.000978736304187779,0.8091694200764458,1
1,Calcium voltage-gated channel auxiliary alpha2delta subunits,29.0,0.001067082413061366,1.664864695668045,0
1,Calcium voltage-gated channel auxiliary beta subunits,56.0,0.0005300766532415227,3.0270411663355716,0
1,Cholinergic receptors muscarinic,17.0,8.661383222900698e-07,1.6110069378561755,0
1,Cholinesterase family,5.0,4.7637607725953835e-05,2.3542913244402355,0
1,Chordin family,36.0,0.00013858213156641116,1.7066010753059595,0
1,Classical arrestins,6.0,0.0012255857260404486,2.526210955916364,0
1,Clustered protocadherins,80.0,3.118097960244251e-05,2.0138655053012195,0
1,Collagen beta(1-O)galactosyltransferases,65.0,0.3400372439478585,1.974770075787588,0
1,Complexins,42.0,8.834610887358712e-05,3.291948055247375,0
1,Contactin associated protein family,54.0,0.003128491620111732,3.0522262448764437,0
1,Contactins,75.0,0.0019046381707158635,1.1845759831315277,1
1,Copines,140.0,0.0014317266467454854,3.219163048245796,1
1,Corticotropin releasing hormone receptors,7.0,1.5590489801221254e-05,1.9269106703144596,0
1,Crumbs complex components,43.0,0.013982070936728597,1.4836353134445306,0
1,Cyclic nucleotide gated channels,38.0,6.236195920488502e-05,0.9149386330416089,1
1,Cytochrome P450 family 11,6.0,8.661383222900697e-05,2.7053887555499854,0
1,Cytochrome P450 family 17,9.0,2.1653458057251743e-05,5.451261715143478,0
1,Cytochrome P450 family 21,7.0,0.0,4.17342180024951,0
1,Cytochrome P450 family 46,46.0,0.0012844831319561735,4.204292514238681,0
1,DASH family,52.0,0.001018578667013122,1.9000762813635297,0
1,DMPK kinase family,10.0,0.0,1.406420603229941,0
1,Diacylglycerol kinases,194.0,0.0027629812481053226,3.0141887555818747,1
1,Doublecortin like kinase family,61.0,0.00099346065566671,1.8910512393370178,0
1,Dynamins,51.0,0.0010298384652028929,2.2319715222336107,0
1,Dynein 1 complex subunits,108.0,0.003504395651985622,2.7094835338316394,1
1,ELAV like RNA binding protein family,80.0,0.0004356675761119051,2.1389057216811667,0
1,Enolases,28.0,0.0005222814083409121,1.5377994870807277,0
1,Eukaryotic translation initiation factor 3,8.0,0.11747953748213591,5.09746319263793,0
1,FLYWCH family,6.0,0.0010445628166818241,4.100099945632157,0
1,Ferredoxin family,11.0,0.0018448746264778486,2.8857292999317306,0
1,G protein subunits gamma,49.0,0.000409683426443203,2.83526226033311,0
1,"G protein-coupled receptors, Class A orphans",30.0,1.7322766445801395e-06,1.9207104651683626,0
1,Gamma-aminobutyric acid type A receptor subunits,51.0,0.0009336971114286952,1.3224423571538821,0
1,Gamma-aminobutyric acid type B receptor subunits,66.0,0.00011692867350915942,2.3627022685986887,0
1,Glutamate ionotropic receptor AMPA type subunits,53.0,0.0053224199904724784,2.7439188196146507,0
1,Glutamate ionotropic receptor NMDA type subunits,42.0,8.747997055129705e-05,1.7374903747218728,0
1,Glutamate ionotropic receptor kainate type subunits,58.0,0.0017929063271404444,2.2805994767959175,0
1,Glutamate metabotropic receptors,46.0,0.0011103893291758695,2.801264098065501,0
1,Glycine receptors,20.0,0.0007881858732839635,1.3228217244140787,0
1,Gonadotropin releasing hormone receptors,6.0,2.85825646355723e-05,1.4841962662232429,0
1,Granins,19.0,0.0037720323935732537,3.1542597788232882,0
1,HAD Asp-based protein phosphatases,10.0,7.015720410549565e-05,3.2083085991765223,0
1,Hypocretin receptors,12.0,0.7679520159369452,3.675795114014645,0
1,IQSEC ARFGEF family,31.0,0.00014291282317786152,2.506243113970322,0
1,Ig-like cell adhesion molecule family,133.0,0.002497076783162271,1.7530882666838017,1
1,IgLON cell adhesion molecules,86.0,0.0010402321250703739,2.371994145662665,0
1,Insulin receptor family,7.0,0.001105192499242129,5.000481541948241,0
1,Intermediate filaments Type IV,53.0,0.0048884846910051535,1.036619177514562,1
1,Junctophilins,28.0,0.0016430643973842623,2.091448838865363,0
1,Keratins,12.0,0.00248495084665021,3.0110858831068885,0
1,L ribosomal proteins,8.0,0.9119994803170066,4.938913800294336,0
1,LGI family,49.0,0.06896193322073535,2.5306952486523957,0
1,LHFPL tetraspan proteins,42.0,0.0010722792429951064,1.39817683217187,0
1,Long pentraxins,6.0,0.0,1.364492217761859,0
1,M38 metallopeptidases,63.0,0.005690528777445758,1.2754426786462425,1
1,MAPK interacting serine/threonine kinase family,12.0,0.961023775496947,4.679250102841738,0
1,Melanin concentrating hormone receptors,6.0,0.0,2.8193253929688105,0
1,MicroRNA non-coding host genes,6.0,0.7875830410116496,2.296119332105974,0
1,Microtubule associated protein RP/EB family ,100.0,0.004664154865532026,2.411994255487717,1
1,"Myosin heavy chains, class V",58.0,6.842492746091552e-05,3.3382948754233923,0
1,"Myosin heavy chains, class XVI",20.0,0.0009847992724438092,3.445766952503327,0
1,N-BAR domain containing,91.0,0.0004668485557143476,2.1882396695173627,0
1,NADH oxidase family,14.0,0.00014724351478931187,2.349921304433726,0
1,NALCN channel complex subunits,55.0,0.0008592092157117492,3.597034392174023,0
1,NDRG family,78.0,0.001698497250010827,1.7514254523420487,0
1,NIM1K family kinases,38.0,0.00014204668485557145,3.628884046753129,0
1,Na+/K+ transporting ATPase interacting,38.0,0.0032073102074401286,2.0324955654906542,0
1,Netrins,46.0,0.00012732233337664026,1.1853270967366942,1
1,Neurexins,85.0,0.0025135334112857824,2.083982919994665,0
1,Neurexophilins,30.0,0.0002581092200424408,2.044478219051051,0
1,Neuroligins,85.0,0.0002693690182322117,1.4512864180681566,0
1,Neuropeptide Y receptors,5.0,8.921224719587718e-05,1.044163974699505,1
1,Neurotensin receptors,5.0,0.0,2.2180478630524263,0
1,Non-clustered protocadherins,77.0,0.00029102247628946343,1.2544241475158373,1
1,Nuclear receptor subfamily 2 group E,26.0,0.0004261400545667143,2.586176826927403,0
1,Opioid receptors,8.0,0.0009614135377419774,1.4334474440169451,0
1,Opsin receptors,33.0,0.933194751201767,1.5827658613578481,0
1,POU class homeoboxes and pseudogenes,16.0,0.00012125936512060977,1.377182173142171,0
1,PPFI scaffold protein family,98.0,0.0005491316963319043,2.1310844725687215,1
1,Paraneoplastic Ma antigens,79.0,0.0006539344333290027,2.2082391167477455,0
1,Parathyroid hormone receptors,6.0,0.0010757437962842667,4.139655394676305,0
1,Parvulins,5.0,3.984236282534321e-05,3.5707157661711917,0
1,Patatin like phospholipase domain containing,5.0,0.0035069940669524924,2.1894438961977376,0
2,2'-5'-oligoadenylate synthetase family,63.0,0.0002711012948767918,2.4119327259613716,0
2,ACF complex,142.0,0.002070936728595557,2.468506585831137,0
2,AH/BAR family Rho GTPase activating proteins,280.0,0.00335108916894028,1.1528813360311212,1
2,AT-rich interaction domain containing,61.0,0.0001030704603525183,1.721712747253969,0
2,ATPase orphan transporters,17.0,0.00045125806591312637,2.3789222834408728,0
2,ATPase phospholipid transporting,293.0,0.0013347191546489974,1.8318769513526711,1
2,Actin related protein 2/3 complex subunits,235.0,0.011135074271361137,1.8527791362085142,0
2,Activating leukocyte immunoglobulin like receptors,42.0,0.0727703434238448,2.6137821280301266,0
2,Adaptor related protein complex 1,240.0,0.11039279372915856,1.5791645622437678,1
2,Adaptor related protein complex 5,28.0,0.00024511714520808974,2.127297688637184,0
2,Adenosine deaminase family,67.0,0.0015590489801221255,1.7723602937438074,0
2,"Adhesion G protein-coupled receptors, subfamily E",57.0,0.018954571044995885,2.88534522649625,0
2,"Adhesion G protein-coupled receptors, subfamily G",36.0,0.0015192066172967824,1.4009400924828808,0
2,Alpha arrestins,120.0,0.0012758217487332728,0.8552088756974331,1
2,"Alpha-1,3-glucosyltransferases",191.0,0.0018656619462128104,2.7757028826709194,0
2,Alpha-L-fucosidases,63.0,0.0036091983889827207,4.3295909054270085,0
2,Annexins,30.0,0.04344982893768135,2.0088053713614804,0
2,Apolipoprotein B mRNA editing enzyme catalytic subunits,152.0,0.00496643714001126,1.2451818467072064,0
2,ArfGAPs,129.0,0.7845688796500802,1.805205088457648,0
2,Atypical chemokine receptors,55.0,0.08205188168550517,1.2614807682970308,0
2,Aurora kinase family,65.0,0.0,2.653162490098135,0
2,B7 family,116.0,0.00023732190030747912,0.7378668103418834,1
2,BCL2 family,105.0,0.001277554025377853,1.2385322577429005,0
2,BEACH domain containing ,93.0,0.001277554025377853,2.3638716432417013,0
2,BTG/Tob family,9.0,0.1064977696938201,1.5629586771659365,0
2,BUB1 mitotic checkpoint serine/threonine kinase family,100.0,0.04813303884630376,3.295254454941916,0
2,Baculoviral IAP repeat containing,25.0,0.0008115716079857954,2.6667720499873395,0
2,Basic leucine zipper proteins,164.0,0.9385180373305617,1.2075249274130428,0
2,Biogenesis of lysosomal organelles complex 2 ,180.0,0.0002381880386297692,1.413627041797888,0
2,Butyrophilins,67.0,0.0004642501407474774,1.4210432204484602,0
2,C-C motif chemokine receptors,70.0,0.00016456628123511326,1.5891312854015454,0
2,C-X-C motif chemokine receptors,75.0,0.12126023125893205,2.355595914211372,0
2,C-type lectin domain containing,108.0,0.002147156900957083,1.3003667370751093,0
2,C1-set domain containing,100.0,0.08705296435840804,1.9505131228143375,0
2,C2-set domain containing,165.0,0.0035554978130007365,0.4451303512569534,1
2,CBM complex,184.0,0.0002667706032653415,1.8648034464952987,0
2,CD molecules,125.0,0.005536356156078126,0.8155714401464896,1
2,CEA cell adhesion molecule family,43.0,0.9513836559698584,1.8142032672493857,0
2,CERF complex,22.0,0.950617989692954,6.896865949506495,0
2,CKLF like MARVEL transmembrane domain containing,132.0,0.0019505435017972371,1.6456198909446043,0
2,CMG helicase complex,74.0,0.05564159196223637,3.397766861380838,0
2,CST complex,151.0,4.157463946992335e-05,1.1039689145842742,0
2,Calcium homeostasis modulators,17.0,0.001839677796544108,1.6914802500813555,0
2,Cannabinoid receptors,26.0,0.0002962193062232039,2.640775643322516,0
2,Canopy FGF signaling regulators,41.0,0.0005872417825126673,2.864637449264626,0
2,Cas scaffold protein family,58.0,0.0014291282317786152,1.329112916387609,0
2,Caspase recruitment domain containing,154.0,7.881858732839634e-05,0.9962037748506456,0
2,Cathepsins,133.0,0.0009778701658654887,1.8060625789641607,0
2,Checkpoint kinase 1 family,97.0,0.7525364860768265,2.9790552902500624,0
2,Checkpoint kinase 2 family,183.0,0.03395608678705989,3.285047541162389,0
2,Chemokine ligands,66.0,0.00021047161231648695,1.2520679055804462,0
2,Chitinases,10.0,2.5984149668702093e-06,1.730225531597015,0
2,Chloride intracellular channels,79.0,0.00931791607119657,1.826832318595456,0
2,Chromosomal passenger complex,118.0,0.0010852713178294575,3.1727473919536044,0
2,Coat protein complex II,109.0,0.0007847213199948032,1.661835958754979,0
2,Complement component GPCRs,21.0,0.00017149538781343382,2.849424315516913,0
2,Condensin I subunits,85.0,0.33338530163267077,3.2185476907368966,0
2,Coronins,179.0,0.0012636958122212117,1.8684501909101965,0
2,Csk family tyrosine kinases,89.0,0.00013684985492183103,2.380661751979212,0
2,Cytochrome P450 family 20,145.0,0.7904222424321165,3.5561489245703535,0
2,Cytochrome P450 family 5,69.0,0.0003490537438828981,3.238387896638223,0
2,Cytochrome b561,93.0,4.850374604824391e-05,1.9558220301123532,0
2,Cytohesins,241.0,0.0050911610584210305,1.5509115573730332,1
2,DNA cross-link repair family,269.0,0.002224243211640899,2.0050194566909436,1
2,Death associated protein kinases,107.0,3.377939456931272e-05,1.2084831881469529,0
2,Death inducing signaling complex,151.0,0.21672513100342125,2.56420316160951,0
2,Dehydrodolichyl diphosphate synthase ,96.0,0.03287081546923044,2.5289138004210376,0
2,Deoxyribonucleoside kinases,299.0,0.0020579446537612057,1.6055992680998377,1
2,Depalmitoylases,172.0,0.0009735394742540384,2.008496325901693,0
2,Dihydrofolate reductase family,106.0,0.0007907842882508337,2.3446251079692213,0
2,E2F transcription factors,102.0,0.0006470053267506822,2.6390585875323147,0
2,ESCRT-II,72.0,0.0002286605170845784,3.0087778810009684,0
2,ESCRT-III associated factors,309.0,0.0025282577627647137,2.254669338637437,1
2,ETS transcription factor family,209.0,0.0018959767874929627,0.6368344165932684,1
2,Eukaryotic translation initiation factor 2 alpha kinases,44.0,0.840668658784808,2.0567947664532746,0
2,F-BAR domain containing,264.0,0.0007847213199948032,1.0921516738236388,1
2,FOXM1-MMB complex subunits,78.0,0.6755229310120827,3.1340824699245347,0
2,Fc receptors,76.0,0.06353037980165432,1.9449652362805196,0
2,Ferlin family,6.0,0.000931098696461825,1.854043772907985,0
2,Ferritin chains,45.0,0.0,1.2140680255607015,0
2,Fibroblast growth factor family,22.0,0.7969113507427137,3.078112482295599,0
2,Formins,203.0,0.0033320341258498984,1.9104992254832815,0
2,Formyl peptide receptors,60.0,2.944870295786237e-05,2.5214149179694934,0
2,Fos transcription factor family,14.0,0.7845099822441645,2.0929525756514704,0
2,Free fatty acid receptors,6.0,0.0,2.3732851727238384,0
2,Fucosyltransferases,156.0,0.004871161924559352,1.403484963427167,0
2,G protein-coupled bile acid receptor,9.0,0.0019219609371616648,3.5608492000294607,0
2,GIY-YIG endonuclease domain containing,32.0,0.9497085444545494,2.3401148247183152,0
2,"GTPases, IMAP",67.0,0.00043653371443419514,3.4388358694904912,0
2,Galactosidases alpha,113.0,0.002406998397644104,2.925606374565607,0
2,Galectins,30.0,0.0034082542982114246,2.0082822687013975,0
2,General transcription factors,65.0,8.141700229526655e-05,1.443389191670344,0
2,Gfo/Idh/MocA-like oxidoreductase domain containing,23.0,0.00020440864406045647,2.5118201013272223,0
2,Glucosaminyl (N-acetyl) transferases/xylosyltransferases,58.0,0.00021653458057251744,1.8173381121218575,0
2,Glycoside hydrolase family,40.0,0.0011571607985795332,2.377015007322974,0
2,Glycosylphosphatidylinositol-N-acetylglucosaminyltransferase complex,23.0,0.00033086483911480666,2.328193286813316,0
2,Glycosyltransferase family 2,24.0,0.0006253518686934304,1.9061262168926936,0
2,Granule associated serine proteases of immune defence,52.0,0.9458039928976658,1.645421348199408,0
2,Guanylate binding proteins,86.0,0.0697873630418778,2.1460213078540757,0
2,H2A histones,52.0,0.002035425057381664,2.0565475025773297,0
2,H2B histones,5.0,0.00039495907496427183,3.1832892693558987,0
2,H4 histones,22.0,0.0004824390455155689,1.4290493764514667,0
2,HOOK related protein family,123.0,0.0005084231951842709,2.465927411103409,0
2,Helix-turn-helix motif Psq family,77.0,8.661383222900698e-07,2.420954086367076,0
2,Heparanase family,53.0,0.0,1.985554648917824,0
2,Hexokinase family,7.0,2.0787319734961674e-05,2.266460236270404,0
2,Hexosaminidases,154.0,0.5575817418041662,1.9144968894353305,0
2,"Histone deacetylases, class IV",20.0,0.5848217920401888,6.830375512868369,0
2,Homer scaffold proteins ,14.0,0.7992559871811529,4.60392372272932,0
2,Hydroxycarboxylic acid receptors,5.0,8.661383222900698e-07,2.3314722445227134,0
2,IKK complex,185.0,0.0004971633969945,2.0666098491363183,0
2,IPT domain containing,231.0,0.0005136200251180114,1.4276330880972177,0
2,IQ motif containing GTPase activating protein family,81.0,0.3799627560521415,1.89132440746263,0
2,Immunoglobulin kappa (IGK) orphons,30.0,0.031014681044562818,2.901841899946045,0
2,Immunoglobulin kappa locus at 2p11.2,31.0,0.0014092070503659436,2.979219354732147,0
2,Immunoglobulin like domain containing,164.0,0.0010965311160192283,0.9378469435013871,1
2,Inhibitory leukocyte immunoglobulin like receptors,62.0,0.0005153523017625915,2.6421765838295768,0
2,Interferon receptors,138.0,0.0002840933697111429,1.977743318089725,0
2,Interferon regulatory factors ,120.0,0.0013078688666580054,1.9355342024299076,0
2,Interleukin 6 type cytokine family,5.0,0.0004486596509462561,2.046890277835784,0
2,Interleukin receptors,117.0,0.00136676627257373,1.2048095871131983,0
2,Interleukins,9.0,6.409423584946516e-05,1.876045067455253,0
2,Jak family tyrosine kinases,171.0,0.0001229916417651899,2.3403685061732817,0
2,Jun transcription factor family,5.0,0.0004356675761119051,5.446863419219837,0
2,KLF transcription factors,10.0,0.0008652721839677797,1.4821101404223418,0
2,KNL1 complex,62.0,0.0012680265038326622,3.0542727103979206,0
2,Killer cell immunoglobulin like receptors,5.0,0.0014629076263479278,2.878860623423997,0
2,Killer cell lectin like receptors,5.0,0.0,3.979510594651738,0
2,Lamins,54.0,0.0031492789398466937,2.737575060492074,0
2,Leukotriene receptors,57.0,0.04396691351608852,1.9631855756773084,0
2,Lysophosphatidic acid receptors,115.0,0.0027924299510631847,1.8864579938168198,0
2,Lysosome associated membrane proteins,73.0,0.6126863280065827,1.4958991131309518,0
2,M1 metallopeptidases,74.0,0.0011441687237451822,1.389329647115477,0
2,M28 metallopeptidases,53.0,0.005494781516608202,1.2349013259795254,0
2,M49 metallopeptidase family,105.0,0.005169979645749426,2.9427788083371986,0
2,MAP kinase phosphatases,26.0,6.842492746091552e-05,1.3186096198788906,0
2,MAX dimerization proteins,54.0,0.0006210211770819801,1.9599987768911145,0
2,MD-2 related lipid recognition domain containing,162.0,0.0014213329868780044,2.108853551748912,0
2,MELK family kinases,70.0,0.61512104283054,3.027118367600935,0
2,MJD deubiquinating enzymes,113.0,0.0004356675761119051,2.069187532135862,0
2,MMB complex subunits,79.0,0.9535992377982764,2.6620481769522084,0
2,MOB kinase activators,218.0,0.8850963578883548,1.74977206187709,0
2,MRH domain containing ,107.0,0.7695110649170673,2.865365396087344,0
2,MX dynamin like GTPase family,74.0,2.0787319734961674e-05,3.164296343849859,0
2,Macro domain containing,182.0,0.0004885020137715993,0.9050878433903053,1
2,Mannosidases alpha class 1,116.0,0.8389493742150622,2.0254191179188066,0
2,Mannosidases alpha class 2,87.0,0.8379411892079165,1.803167760500895,0
2,Membrane spanning 4-domains,63.0,0.030298384652028932,1.06436086544607,0
2,Minor histocompatibility antigens,146.0,0.004418171582001646,0.9143837605248484,1
2,Multicopper ferroxidase family,6.0,0.00014810965311160194,2.1752422619673055,0
2,Multiple C2 and transmembrane domain containing,91.0,0.0007085011476332771,1.407132686975759,0
2,My-T-BRC complex,198.0,0.029504135810488937,1.3720180267799242,0
2,"Myosin heavy chains, class I",57.0,0.0008652721839677797,1.1734631699306817,0
2,NDC80 kinetochore complex ,92.0,0.7542566367848946,2.9047393948397846,0
2,NLR family,123.0,0.001453380104802737,1.5727051081163983,0
2,NSP adaptor proteins,39.0,0.00039062838335282145,1.3764592928878072,0
2,NT-C2 domain containing,73.0,6.669265081633537e-05,2.401268064567662,0
2,Nuclear factor I family,34.0,0.9531280585509506,4.582760619740415,0
2,Nuclear receptor subfamily 1 group D,10.0,0.6749789961456845,5.3768365113400485,0
2,Nuclear receptor subfamily 4 group A,5.0,4.0708501147633277e-05,3.7791050765845235,0
2,ORAI calcium release-activated calcium modulators,148.0,0.8342635658914729,3.520892556001828,0
2,Oligosaccharyltransferase complex subunits,89.0,0.0005872417825126673,3.378840017460444,0
2,P2Y receptors,26.0,0.0007102334242778572,1.973646943672451,0
2,PAR bZIP family,20.0,0.9508743666363518,5.487635337538003,0
2,PEAK pseudokinase family,55.0,0.00034299077562686763,1.8385472913894054,0
2,PIM kinase family,75.0,0.445765882811485,1.6529913167611145,0
2,PLAC8 family,44.0,0.001479364254471439,2.5634012929590226,0
2,PRELI domain containing,83.0,0.000310077519379845,2.1022705131232087,0
2,PX-BAR domain containing,229.0,0.005475726473517821,1.5626973920810159,0
2,Parvins,53.0,0.8839409293664199,1.8918898575029761,0
2,Phosphatase and actin regulators,62.0,2.5984149668702093e-06,2.019862065526513,0
2,Phosphatidylinositol 3-kinase family,215.0,0.00047464380061495824,1.342041022565649,0
3,3-hydroxyacyl-CoA dehydratase family,170.0,0.0015607812567667058,2.6691509225407515,0
3,7BS non-methyltransferases,156.0,0.13112554674981594,2.261840676077825,0
3,7BS orphan methyltransferases,226.0,0.0015876315447576979,1.2573648738452967,0
3,7BS protein glutamine methyltransferases,115.0,0.7143865575332381,3.6314098107472725,0
3,7BS protein lysine methyltransferases,67.0,0.00046338400242518734,3.324240737529749,0
3,7TM uncharacterized proteins,218.0,0.591379325278247,2.221091807556667,0
3,A-kinase anchoring proteins,175.0,0.0021393616560564724,1.31122851369258,0
3,ADAM metallopeptidase domain containing,90.0,3.0314841280152443e-05,1.7041840007066766,0
3,AH domain containing,119.0,0.008706422415659781,2.1480660644831464,0
3,ARF GTPase family,332.0,0.02545926984539431,2.161266441021171,1
3,ATP binding cassette subfamily A,5.0,0.0004824390455155689,1.9384699659027524,0
3,Abhydrolase domain containing,121.0,0.0038932917586938635,1.43081363715479,0
3,Acid phosphatases,20.0,0.0006028322723138885,1.655075002332015,0
3,Actin related proteins,201.0,0.0012974752067905246,1.6172098895770899,0
3,Adaptor related protein complex 3,298.0,0.004250140747477372,2.554895883148321,1
3,Adenylate kinases,124.0,0.9263574552856092,1.9545664730032204,0
3,Alkylation repair homologs,153.0,0.0028253432073102078,1.2437435643055914,0
3,"Aminoacyl tRNA synthetases, Class II",165.0,1.3858213156641116e-05,3.2604567116488097,0
3,Ankyrin repeat domain containing,310.0,0.0024442423455025768,1.5663730667729545,1
3,Antisense RNAs,115.0,0.001192672469793426,1.0884329231483634,1
3,ArfGEF family,44.0,6.409423584946516e-05,2.7060516445284106,0
3,Armadillo repeat containing,200.0,0.00472131999480317,1.21904230719746,0
3,Atlastins,88.0,6.236195920488502e-05,2.4764099947464513,0
3,Atypical dual specificity phosphatases,113.0,0.0002659044649430514,1.4841943773466677,0
3,Axonemal dynein assembly factors,84.0,6.32280975271751e-05,2.121657144767714,0
3,Axonemal radial spoke subunits,52.0,2.5984149668702093e-06,2.9714244539859536,0
3,BAG cochaperones,46.0,3.0314841280152443e-05,2.630371575191376,0
3,BBSome,206.0,0.014086007535403405,2.3586613979473685,0
3,BCH domain containing ,64.0,0.00040795114979862287,2.8975674107479557,0
3,BEN domain containing,216.0,0.0023602269282404402,1.2599901626350536,0
3,BRICHOS domain containing,16.0,0.0001637001429128232,2.4125442181271572,0
3,BTB domain containing,308.0,0.9910770430037678,1.1775700317045124,1
3,Basigin family ,62.0,3.291325624702265e-05,2.390642235665724,0
3,Basonuclin zinc finger proteins,45.0,0.0011822788099259453,2.8214386450362525,0
3,Beta 4-glycosyltransferases,165.0,0.0035286475250097442,1.7060302570782155,0
3,C2 domain containing,186.0,0.0030072322549911223,1.025861698601009,1
3,C2 tensin-type domain containing,9.0,1.9921181412671606e-05,3.715338099038667,0
3,CAMSAP family,77.0,0.004163526915248366,2.126070899046478,0
3,CDC14 phosphatases,168.0,0.00044259668269022566,1.4235029346043064,0
3,"CILK1, MAK, MOK protein kinase family",116.0,0.0005855095058680871,1.7400483132675233,0
3,COP9 signalosome,108.0,0.0005768481226451865,2.4828303113276995,0
3,CSAG family,5.0,0.0,3.643569489927469,0
3,CT antigen family 47,14.0,0.04238361266294227,5.325602826238819,0
3,CTAGE family,30.0,0.0,3.273156993230327,0
3,Cadherin related,94.0,0.0001264561950543502,1.8999916203792255,0
3,CatSpermasome complex,61.0,0.0018318825516434975,3.2021777196397667,0
3,Ceramide synthases,112.0,0.0008358234810099173,2.0315817090861232,0
3,Cilia and flagella associated,81.0,3.464553289160279e-05,1.595199549783482,0
3,Ciliogenesis and planar polarity effector complex subunits,115.0,0.004642501407474774,3.221191995932063,0
3,Clathrin subunits,65.0,0.03321034169156815,3.261674626932322,0
3,Coat protein complex I,131.0,0.0001637001429128232,2.83981295111876,0
3,Cohesin complex,135.0,0.0005855095058680871,3.0126490242445265,0
3,Components of oligomeric golgi complex,218.0,0.0028781776449699017,1.919481926162523,0
3,Cornichon family,37.0,0.00016196786626824304,2.7005153184438684,0
3,"Cystatins, type 2",5.0,9.527521545190768e-06,2.766013991321016,0
3,Cysteine rich secretory protein family,5.0,9.527521545190767e-05,2.2121515904992646,0
3,DAZ RNA binding protein family ,11.0,0.00210904681477632,3.990663452452664,0
3,DEP domain containing,201.0,0.18250140747477372,1.7531481229343597,0
3,DNA ligases,296.0,0.0010870035944740375,1.878309403827066,0
3,DNAJ (HSP40) heat shock proteins,221.0,0.0005543285262656447,0.8797743374587438,1
3,Dbl family Rho GEFs,266.0,0.00235936078991815,1.9471058836238326,0
3,Desumoylating isopeptidases,118.0,0.0,2.800021960152345,0
3,Diphthamide biosynthesis genes,178.0,2.2519596379541812e-05,1.7820695825551929,0
3,Dispatched RND transporter family ,36.0,0.00011606253518686935,2.1563547326903554,0
3,Divergent transcripts,35.0,0.0011346412021999914,1.566139768367817,0
3,Dolichyl D-mannosyl phosphate dependent mannosyltransferases,89.0,0.0003984236282534321,1.5613840864796704,0
3,Doublecortin superfamily,20.0,0.0022987311073578453,2.6349181469144565,0
3,Dynein 2 complex subunits,137.0,0.0011337750638777014,2.763129528926963,0
3,Dynein regulatory complex,39.0,8.401541726213676e-05,4.248874081067318,0
3,"Dyneins, axonemal inner arm I1/f complex subunits",90.0,0.00012992074834351045,1.5124555228396142,0
3,"Dyneins, axonemal outer arm complex subunits",86.0,0.00016976311116885368,2.0932392398203423,0
3,EF-hand domain containing,221.0,0.0010003897622450305,1.6747091362546547,0
3,ELMO domain containing,94.0,0.010253345459269847,2.00266474204751,0
3,EMI domain containing,10.0,1.8188904768091464e-05,3.513546414496053,0
3,EPH receptors,81.0,0.0005266120999523624,2.0141352153875025,0
3,ER membrane protein complex subunits,66.0,0.000981334719154649,1.3010376731841324,0
3,ERCC excision repair associated,263.0,0.001080074487895717,1.250154060420723,0
3,ESCRT-0,206.0,0.00040621887315404274,2.037783673568189,0
3,ESCRT-I,198.0,3.7243947858473e-05,1.7483321296010974,0
3,EYA transcriptional coactivator and phosphatases,41.0,0.0006236195920488502,1.5161844718982078,0
3,Elongator acetyltransferase complex ,183.0,0.0,2.4041622502088105,0
3,Elongin complex,18.0,0.00013598371659954097,2.0609119249710024,0
3,Endosome-associated recycling protein (EARP) complex,200.0,0.004046598241739206,3.3376099312863414,0
3,Estrogen receptors,20.0,0.0,3.290286047416609,0
3,Ethanolamine kinase family,43.0,1.7322766445801395e-05,2.4100760472702656,0
3,F-box and WD repeat domain containing,117.0,0.00035598285046121867,1.71910336758456,0
3,F-box and leucine rich repeat proteins,274.0,0.006254384825256594,1.3457276048658975,0
3,F-boxes other,265.0,0.0021428262093456324,1.0473096125477839,1
3,FERM domain containing,181.0,0.00645099822441644,1.1721527161552063,1
3,FERRY complex subunits,317.0,0.8042224243211641,2.1029110959719937,1
3,FKBP prolyl isomerase family,225.0,0.003090381533930969,1.6503256444993608,0
3,Fascin family,100.0,0.001627473907583041,2.019386683915604,0
3,Fibril associated collagens with interrupted triple helices,122.0,0.0005560608029102248,1.069272720305049,1
3,Fibronectin type III domain containing,123.0,0.00583344160062362,1.6205147162000386,0
3,Flavin containing monooxygenases,18.0,0.0010229093586245723,5.207121673291094,0
3,Forkhead boxes,100.0,0.001451647828158157,1.3227147478378158,0
3,"G protein subunits alpha, group i",63.0,0.00018708587761465508,2.2095697733249464,0
3,"G protein subunits alpha, group q",103.0,0.0,3.238604206124483,0
3,"G protein subunits alpha, group s",7.0,0.052086960287557924,2.6101129805665697,0
3,G protein subunits beta,232.0,0.019154648997444894,2.7222120927176854,0
3,GAGE family,43.0,0.0014005456671430429,3.4628655213998485,0
3,GATA zinc finger domain containing,55.0,0.4310094842146291,1.3785757182383944,0
3,GCN5 related N-acetyltransferases,151.0,0.005553678922523927,1.2034158480963983,0
3,GLIPR family ,116.0,0.003113767268632801,2.165343260080684,0
3,GRAM domain containing,117.0,0.05021783378805596,1.552978318346766,0
3,Galactosidases beta,116.0,0.00031700662595816556,1.685999277323637,0
3,General transcription factor IIA complex subunits,156.0,0.0003646442336841194,2.5325826444516504,0
3,General transcription factor IIH complex subunits,274.0,0.0017799142523060934,2.10526554645441,0
3,Glutamate ionotropic receptor delta type subunits,39.0,0.0003256680091810662,5.045336878529784,0
3,Glycerol kinase family,27.0,0.00011952708847602963,1.492422280561181,0
3,Glycogen synthase kinase 3 family,130.0,3.551167121389286e-05,3.3976856748139923,0
3,Glycoprotein hormone receptors,5.0,0.0,1.6363976453157665,0
3,Glycosyl transferases group 1 domain containing,113.0,0.0020579446537612057,2.211455509671037,0
3,Glycosylphosphatidylinositol transamidase complex,153.0,0.007141310467281625,2.2251287355275253,0
3,Glycosyltransferase family 8,123.0,0.002381880386297692,2.123622881179696,0
3,Golgi associated RAB2 interactor family,46.0,0.0011424364471006021,4.155110189461924,0
3,Golgin related,35.0,6.409423584946516e-05,3.135345872426271,0
3,Golgins,187.0,0.0,2.0367825909824724,0
3,Guanosine monophosphate reductase family,30.0,3.897622450305314e-05,2.5341794880133555,0
3,Guided entry of tail-anchored proteins complex subunits,110.0,0.0003551167121389286,2.626678378019224,0
3,HAD Asp-based non-protein phosphatases,139.0,5.196829933740419e-06,1.7190893135158292,0
3,HECT domain containing,269.0,0.9876055606080292,1.9647924515345945,0
3,HNF class homeoboxes,5.0,0.00011259798189770907,2.05021941469531,0
3,HOPS complex,163.0,0.0015425923519986142,2.8561236348999457,0
3,Heat shock 70kDa proteins,114.0,0.00016716469620198346,1.6604807484026942,0
3,Heat shock 90kDa proteins,17.0,0.0,2.4773598189531616,0
3,Hedgehog signaling molecule family,12.0,5.196829933740419e-06,2.536385816778963,0
3,Helix-turn-helix CENPB type domain family,145.0,0.0020960547399419688,1.5295189707891175,0
3,Histidine methyltransferases,182.0,0.00020787319734961676,2.1982976863789383,0
3,"Histone deacetylases, class I",24.0,0.0024243211640899054,4.313407324769216,0
3,Homeodomain interacting protein kinase family,35.0,0.00010047204538564809,1.5482912201934846,0
3,Hyaluronidases,19.0,0.00014377896150015158,1.9456039445966882,0
3,IFT-A complex,153.0,0.004861634403014161,3.034575490367929,0
3,IFT-B1 complex,160.0,0.0020414880256376944,2.894812052436535,0
3,IFT-B2 complex,156.0,0.002222510934996319,2.1681769586208377,0
3,IZUMO family,24.0,1.6456628123511326e-05,2.4426113411458585,0
3,Immunoglobulin heavy (IGH) orphons,11.0,0.0001377159932441211,4.368502972409883,0
3,Importins,134.0,0.002025031397514183,2.4853375794136596,0
3,"Inositol 1,4,5-triphosphate receptors",202.0,0.004411242475423325,2.6666128480913494,0
3,Integrase like retrotransposon derived,214.0,0.0020319605040925036,1.7039142350466785,0
3,Isoaspartate methyltransferases,52.0,0.001687237451821056,1.9499826049970843,0
3,KASH domain containing,5.0,0.0,1.9311116667658363,0
3,KCTD family,285.0,0.0069906023992031534,2.072791377344391,0
3,KRAB domain containing,283.0,0.001751331687670521,1.4885906595834537,0
3,Kleisins,43.0,0.000223463687150838,3.0128018456966554,0
3,L-lactate dehydrogenase family,54.0,2.944870295786237e-05,2.0078528257374044,0
3,LIM class homeoboxes,14.0,0.0,2.022232898095527,0
3,LYR motif containing,53.0,0.7297353947425405,3.3329123712866053,0
3,La ribonucleoproteins,111.0,0.00027023515655450175,1.4667470854711373,0
3,Large MAF bZIP transcription factor family,5.0,0.0,1.7730572186316236,0
3,Long non-coding RNAs with FAM root symbol,28.0,0.00010826729028625872,1.686329081845888,0
3,Long non-coding RNAs with non-systematic symbols,31.0,1.9055043090381537e-05,1.155191095080784,1
3,LysM domain containing,143.0,0.001392750422242432,2.0890320370958047,0
3,Lysophospholipid acyltransferases,136.0,0.0037685678402840936,2.3279001169499507,0
3,"Lysozymes, g-type",6.0,0.007341388419730631,3.190848093956952,0
3,M14 carboxypeptidases,66.0,0.00042007708631068384,1.6033575904050121,0
3,M19 metallopeptidases,28.0,0.004703997228357369,2.693247169959443,0
3,M3 metallopeptidase family,5.0,0.0,2.952546348710134,0
3,M54 metallopeptidase family,82.0,0.0029128231778615048,3.3323988444090933,0
3,M76 metallopeptidase family,6.0,0.0,3.4941663210827945,0
3,MAGE family,40.0,0.004282187865402105,1.558035895302485,0
3,MAPK activated protein kinases,78.0,1.1259798189770906e-05,3.1493074832104195,0
3,MINDY deubiquitinases,113.0,0.0005577930795548049,1.4703548276587768,0
3,MKS complex,162.0,0.00682603611796804,2.663975791965199,0
3,MTOR complex 2,21.0,6.669265081633537e-05,1.3204183950890032,0
3,Maestro heat like repeat containing,59.0,0.008898705123208176,2.0095187957724905,0
3,Mannosidases type beta,126.0,0.1409856654107661,3.394326475393286,0
3,Mannosyl-glycoprotein N-acetylglucosaminyltransferases,34.0,0.0002633060499761812,1.756576049200614,0
3,Mariner transposase derived genes,95.0,0.0009847992724438092,2.2435048185065196,0
3,Membrane associated collagens with interrupted triple helices,6.0,0.0,1.5481316460295182,0
3,Membrane bound O-acyltransferase family,7.0,0.0010125156987570915,2.4203434906178187,0
3,Membrane-bound methyltransferase family,5.0,1.9055043090381537e-05,3.1454021030834958,0
3,Metallo-beta-lactamase fold containing family,33.0,0.00014204668485557145,3.6259040933267808,0
3,Metaxins,257.0,0.00015070806807847213,1.8275130952635148,0
3,MicroRNA protein coding host genes,368.0,0.02433415616473951,1.934285830450856,1
3,Microtubule affinity regulating kinases,145.0,0.9446702178337881,2.8494256277872023,0
3,Misc,311.0,0.007339656143086052,1.2569552653917377,1
3,Mitochondrial transcription initiation complex subunits,61.0,4.5039192759083625e-05,2.6076424521397183,0
3,Mitogen-activated protein kinases,190.0,0.004635572300896454,2.614058507450687,0
3,MutL homologs,265.0,0.00021566844225022737,2.070184446340779,0
3,Myocardin family,141.0,0.9355697024814863,2.753267114560251,0
3,"Myosin heavy chains, class III",33.0,0.00029708544454549394,2.26663478945827,0
3,N-Ank proteins,57.0,0.0021818024338486858,1.8724289055519747,0
3,N-alpha-acetyltransferase subunits,154.0,0.00011952708847602963,2.354800991197588,0
3,NBPF members,115.0,2.1653458057251743e-05,2.508879212539694,0
3,NIMA related kinase family,236.0,0.003275735134901044,1.178467246880225,0
3,NME/NM23 family,57.0,0.0003048806894461046,1.6741140017598715,0
3,NPHP complex,69.0,0.0010436966783595341,3.124687373300937,0
3,Neuregulins,6.0,0.0,2.4586266505188665,0
3,Neuromedin U receptors,5.0,0.00015330648304534236,4.716477030687156,0
3,Non-histone lysine methyltransferases,239.0,0.0011329089255554114,1.1243066296420097,1
3,Nuclear receptor subfamily 6 group A,26.0,1.8188904768091464e-05,3.8253010822921527,0
3,Nucleosome assembly protein 1 like family,106.0,0.001650859642284873,2.422008445338992,0
3,NudC family,184.0,0.0029344766359187566,1.7952845771523784,0
3,Outer dynein arm docking complex subunits,34.0,0.0,3.836862601117026,0
3,Oxysterol binding proteins,189.0,0.04789052011606254,2.490292248339612,0
3,PAGE family,31.0,0.0013096011433025856,2.1097352209740796,0
3,PAS domain containing,183.0,0.004628643194318133,1.5040613202325581,0
3,PDZ domain containing,189.0,0.00632194361439522,1.7896148940200034,0
3,PIN-like domain superfamily,328.0,0.0172612706249188,2.1392238759782565,1
3,POTE ankyrin domain containing,12.0,3.291325624702265e-05,2.39168449513573,0
3,PROS class homeoboxes,5.0,8.661383222900698e-06,2.505732264844329,0
3,PTEN protein phosphatases,45.0,0.0013087350049802954,3.09665941658625,0
3,PWWP domain containing,289.0,0.0009761378892209087,1.4815922669681512,0
3,Pellino E3 ubiquitin protein ligases,12.0,0.0,2.0682688447969584,0
3,Peroxins,81.0,0.00013078688666580055,2.03676247868391,0
3,Phosphatidylinositol glycan anchor biosynthesis,226.0,0.0007275561907236586,2.5447943840141023,0
4,5'-nucleotidases,62.0,0.0010471612316486944,1.8433427337417614,0
4,7SK snRNP complex,164.0,0.8944878957169461,3.1111948477487896,0
4,AAA ATPases,243.0,0.013796717335758522,1.559518815964533,0
4,AF4/FMR2 family,128.0,0.25918323156208045,1.547985901479076,0
4,ANP32 acidic nuclear phosphoproteins,78.0,9.267680048503746e-05,2.0929693644072813,0
4,ASAP complex subunits,159.0,0.8897431899874411,1.168603637625737,0
4,ATAC complex,273.0,0.00012385778008747997,1.2497453786252062,0
4,ATP binding cassette subfamily B,176.0,0.9657771426096748,1.525854516903333,0
4,ATP binding cassette subfamily E,213.0,0.00025897535836473084,2.1858976521344613,0
4,ATP binding cassette subfamily F,76.0,0.003188255164349747,2.40329191468406,0
4,Activating signal cointegrator 1 complex,280.0,0.003093846087220129,1.235641220999611,0
4,Adaptor related protein complex 4,279.0,0.9833788055952536,1.4408105623805911,0
4,Adducin family,128.0,0.002558572604044866,2.4842881539171016,0
4,Adenosine deaminases acting on RNA,140.0,5.629899094885454e-05,1.8362529049194551,0
4,"Alpha-1,2-glucosyltransferases",242.0,9.354293880732754e-05,3.399362564237604,0
4,"Aminoacyl tRNA synthetases, Class I",214.0,0.0004616517257806072,1.5234353943646823,0
4,Aminopeptidases,53.0,0.00322982980381967,2.2555961338613093,0
4,Anaphase promoting complex,247.0,0.038690398856697415,0.9219429863819688,0
4,Arginine methyltransferases,281.0,0.0011459010003897624,1.2265880859327039,0
4,Argonaute RISC component family,176.0,0.00021307002728335715,1.421141309071324,0
4,Armadillo like helical domain containing,331.0,0.004483131956173401,0.6951879379569614,1
4,Autophagy related,286.0,0.0015573167034775455,1.0522574670359437,0
4,B-WICH chromatin-remodelling complex subunits,242.0,0.4177255207656663,1.8698491239449517,0
4,BAF complex subunits,156.0,0.0001316530249880906,1.9711965931460713,0
4,BAG6 complex,115.0,0.0001749599411025941,2.656704572376834,0
4,BAR-PH domain containing,193.0,2.7716426313282233e-05,1.9169133131233993,0
4,BCL2 homology region 3 (BH3) only,87.0,0.000682516997964575,1.6161770941138598,0
4,BLOC-1 related complex subunits,147.0,0.04177385128405006,1.8362375672705418,0
4,BRCA1 A complex,173.0,0.001851803733056169,2.6406097983383328,0
4,BRCA1 B complex,107.0,0.09162444242345504,2.2750979850084594,0
4,BRCA1 C complex,87.0,9.18106621627474e-05,2.2681346013143386,0
4,Biogenesis of lysosomal organelles complex 1 subunits,257.0,0.005194231518773548,2.095415638411933,0
4,Biogenesis of lysosomal organelles complex 3 ,167.0,0.15039106145251396,2.7595393040574403,0
4,Bridge-like lipid transfer protein family,145.0,0.0018630635312459401,1.5353389820624146,0
4,Bromodomain and WD repeat domain containing,233.0,0.002918886146117535,1.4688201074820701,0
4,Bromodomain containing,259.0,2.5984149668702093e-06,1.358373406972356,0
4,C2 and RasGAP domain containing,118.0,0.8593183491403578,1.840492659940336,0
4,C2 domain containing protein kinases,187.0,0.001065350136416786,1.3509123935740004,0
4,CCC complex,200.0,1.6456628123511326e-05,1.66052393891141,0
4,CCM adhesion complex,283.0,0.004320297951582868,1.2030068586878937,0
4,CCR4-NOT transcription complex,328.0,0.0015443246286431945,1.1408379927701289,0
4,CDC like kinases,115.0,0.25208262959594646,1.9861726932581274,0
4,CDC7 kinase family,129.0,0.008955004114157032,2.283784894834486,0
4,CDK activating kinase complex,129.0,2.0787319734961674e-05,1.611866459752845,0
4,COMM domain containing,220.0,0.0070919405829110915,2.308993450770291,0
4,CORVET complex,255.0,0.0009596812610973973,1.3766887994578638,0
4,CTD family phosphatases,282.0,0.0025031397514183014,0.9180926215655009,0
4,CTLH complex subunits,213.0,0.00025118011346412025,1.3075217423273955,0
4,Canonical high mobility group,224.0,1.3858213156641116e-05,1.1043962291497569,0
4,Casein kinase 1 family,301.0,0.0011389718938114417,1.2465629839833632,0
4,Caspase-2 PIDDosome complex,101.0,0.08531635702221645,1.3575878991955905,0
4,Chaperonins,233.0,0.00013251916331038068,1.6398195693231437,0
4,Checkpoint clamp complex,203.0,2.6850287990992164e-05,1.6873369642942089,0
4,Choline kinase family,35.0,0.0,3.974212300603065,0
4,Chromatin accessibility complex,152.0,0.000981334719154649,1.8582948982698895,0
4,Chromobox family,252.0,0.009233900653934434,1.5562035491671014,0
4,Class III Cys-based CDC25 phosphatases,153.0,0.0014187345719111342,1.9096864217972946,0
4,Cleavage and polyadenylation specific factor subunits,254.0,0.0004971633969945,1.8350362010249182,0
4,Cleavage factor Im complex subunits,259.0,0.0002286605170845784,1.642233038946893,0
4,Cleavage stimulation factor subunits,279.0,0.0,1.4473026217682432,0
4,Condensin II subunits,190.0,3.204711792473258e-05,1.7466580610752964,0
4,Constitutive centromere associated network,199.0,0.001006452730501061,1.5964537633999467,0
4,Cullins,223.0,0.0021835347104932658,1.8437174186687384,0
4,Cyclin dependent kinases,314.0,0.001079208349573427,0.8868255071598922,0
4,Cyclins,291.0,0.00273180026850288,1.022794133888622,0
4,Cyclophilin peptidylprolyl isomerases,296.0,0.0013165302498809061,1.1377148562441382,0
4,D-lactate dehydrogenase family,68.0,0.9729808150361613,8.173880847736102,0
4,DDB1 and CUL4 associated factors,280.0,3.637780953618293e-05,1.2398608202674197,0
4,DEAD-box helicases,291.0,0.000994326793989,0.8886873659007816,0
4,DEAH-box helicases,298.0,0.0009241695898835044,1.0033345506969449,0
4,DECID complex,208.0,0.0011372396171668616,1.5935189537243784,0
4,DENN domain containing,310.0,0.9919120003464553,1.2341017910446113,0
4,DNA glycosylases,171.0,0.0003343293924039669,1.337265773749261,0
4,DNA polymerases,251.0,0.0,0.7164395980792465,0
4,DNA/RNA methyltransferases,312.0,0.0013676324108960203,0.7288217351751082,1
4,DREAM complex subunits,240.0,0.004446754146637218,1.2914843041754251,0
4,Death effector domain containing,259.0,0.0005422025897535836,1.078653633738835,0
4,DexD/H helicases,276.0,0.0003092113810575549,1.4492137290480136,0
4,Dual-specificity tyrosine-regulated kinase family,145.0,0.015635528993980338,1.9363837839154403,0
4,Dynactin subunits,205.0,0.1464111558615911,2.4066554530193853,0
4,EMAP like,251.0,0.00048330518383785895,0.9926668727583253,0
4,EMSY complex,274.0,0.9839348663981639,1.6697945913440968,0
4,Endoribonucleases,274.0,0.0018587328396344896,1.5219812721136845,0
4,Engulfment and cell motility proteins,44.0,4.244077779221342e-05,2.8777660232400675,0
4,Exocyst complex,257.0,0.007790914208999178,1.6892296585137774,0
4,Exon junction complex,217.0,9.267680048503746e-05,2.8534088715477703,0
4,Exonucleases,284.0,0.00014637737646702178,0.8028704998404996,0
4,Exosome complex,235.0,0.002271880819366853,1.1340924645551365,0
4,Exportins,245.0,0.001415270018621974,1.4280655214877853,0
4,FA complementation groups,151.0,1.6456628123511326e-05,1.8686263631324982,0
4,FA core complex,238.0,0.0009285002814949548,1.2518318974880616,0
4,FET protein family,204.0,0.0044718721579836305,1.896342386929607,0
4,FHF complex,106.0,0.00111731843575419,2.206270132736045,0
4,Fes family tyrosine kinases,47.0,0.13021177081979993,2.512146392689717,0
4,Flotillins,27.0,0.06912736564029276,3.1012175765973535,0
4,"G protein subunits alpha, group 12/13",190.0,0.9459572993807112,2.05834807802098,0
4,G protein-coupled receptor kinase family,71.0,0.017069854055692696,1.5191097770590793,0
4,G-patch domain containing,285.0,0.0005127538867957213,1.0957063064643056,0
4,GATOR1 subcomplex,62.0,0.8458576934736478,3.1377363126077014,0
4,GATOR2 subcomplex,169.0,0.0027906976744186047,1.4180905937790473,0
4,GBAF complex subunits,295.0,0.00012472391840977003,1.199070683474119,0
4,GINS complex,121.0,2.5984149668702093e-06,2.3052217563027178,0
4,GPN-loop GTPases,213.0,0.0010584210298384652,1.4813939766430793,0
4,Gasdermins,58.0,0.0007059027326664068,1.8849098524176355,0
4,Gemins,258.0,0.0004581871724914469,1.0146901203511152,0
4,General transcription factor IID complex subunits,260.0,0.0021073145381317396,1.2217017766603584,0
4,General transcription factor IIE complex subunits,131.0,0.0013503096444502187,2.119139910097856,0
4,General transcription factor IIF complex subunits,194.0,0.17126326274306009,2.070344868308909,0
4,General transcription factor IIIB complex subunits,208.0,0.988748863193452,1.880601087316503,0
4,General transcription factor IIIC complex subunits,252.0,9.007838551816725e-05,1.7824598915066836,0
4,Glucagon receptor family,20.0,0.809175869386341,5.437065045980666,0
4,Glutamic--pyruvic transaminase family,111.0,0.9833753410419644,5.608671192016799,0
4,Glutamine amidotransferase class 1 domain containing,127.0,0.00015763717465679269,1.90154142669791,0
4,Golgi associated retrograde protein (GARP) complex,128.0,6.062968256030488e-06,2.1422017326858676,0
4,"Golgi associated, gamma adaptin ear containing, ARF binding proteins",211.0,0.0010376337101035036,1.8792575208934568,0
4,H/ACA ribonucleoprotein complex,115.0,0.00011606253518686935,2.426807782296127,0
4,H3 histones,36.0,0.00322982980381967,2.061056152912079,0
4,HAUS augmin like complex ,228.0,0.07565978086700446,1.5963959315431286,0
4,HECT and RLD domain containing E3 ubiquitin protein ligases,219.0,0.0019678662682430384,0.9704571248301527,0
4,HIRA histone chaperone complex subunits,174.0,8.228314061755663e-05,1.4856775046347428,0
4,HUSH complex,318.0,0.002208652721839678,1.7932677180636183,0
4,Harbinger transposase derived genes,220.0,0.0012515698757091507,2.4961059221548814,0
4,Helicases,242.0,0.0012584989822874715,1.4804160986868595,0
4,Heparin binding growth factor family,219.0,0.0002771642631328223,1.7697985932998574,0
4,Heterogeneous nuclear ribonucleoproteins,226.0,0.007938157723788489,1.9710311819884994,0
4,"Histone deacetylases, class IIA",94.0,0.9423723528647525,2.1859718941772837,0
4,"Histone deacetylases, class IIB",6.0,0.0,2.226817420148938,0
4,Histone lysine methyltransferases,198.0,0.04931185310294054,1.5912255066783305,0
4,Hydrogen voltage gated channels,169.0,0.00035338443549434847,2.853369257069404,0
4,I kappa B kinases,250.0,0.0041011649560434805,1.724611328773853,0
4,INO80 complex,281.0,2.5984149668702093e-06,1.0862636397456702,0
4,Inosine monophosphate dehydrogenase family,43.0,0.9009510198778745,2.41420756460652,0
4,Integrator complex,308.0,0.00012559005673206013,1.1469652286052046,0
4,Intermediate filament family orphans,22.0,5.5432852626564465e-05,2.4085891878904473,0
4,Iron (II) and 2-oxoglutarate dependent oxygenases,124.0,0.00472218613312546,1.448633729743187,0
4,JAMM/MPN+ metallopeptidase family,192.0,0.9734675847732883,2.185064591132855,0
4,JmjC hydroxylases,190.0,0.0013511757827725087,2.5692179038735583,0
4,KEOPS complex,176.0,0.000335195530726257,1.527218080223002,0
4,KICSTOR complex,96.0,0.00035425057381663854,1.3977837966054927,0
4,Keratin associated proteins,219.0,0.9928127842016371,4.106315082319417,0
4,Kinesins,229.0,0.00023385734701831883,1.7757366922661866,0
4,LEM domain containing,250.0,0.9410618855831276,1.5627697481336285,0
4,LIMK/TESK kinase family,167.0,0.0001264561950543502,1.8536044875060484,0
4,LSm proteins,214.0,0.0017296782296132693,1.2543877266091201,0
4,Large ribosomal subunit biogenesis complex,225.0,0.02894114590100039,1.1026133147500843,0
4,Large tumor suppressor kinase family,117.0,0.6699813780260708,3.1023100533897026,0
4,Leucine rich repeats and calponin homology domain containing,268.0,0.9834428998311031,1.5547877526546652,0
4,Linear ubiquitin chain assembly complex ,48.0,0.0017885756355289942,3.2640500875015963,0
4,Lysine acetyltransferases,270.0,0.0002962193062232039,1.0365355399048575,0
4,Lysine demethylases,210.0,0.001601489757914339,1.2936655939394914,0
4,M13 metallopeptidases,34.0,0.00012559005673206013,2.3490498604709082,0
4,M24 metallopeptidase family,103.0,0.0021696764973366247,1.8267744684732445,0
4,MBL fold containing DNA/RNA interacting subfamily,239.0,0.0019280239054176953,1.5847865638148984,0
4,MBT domain containing,246.0,0.0014369234766792257,2.06074994636112,0
4,MCM family,183.0,0.0005811788142566368,1.7799374725096253,0
4,MIF4G domain containing proteins,259.0,0.18841106924775888,1.3606076960220759,0
4,MIS12 kinetochore complex,262.0,0.0031683339829370752,2.098019826262647,0
4,MPP10 subcomplex,8.0,0.0,2.31700225943335,0
4,MRN complex,310.0,0.0015304664154865532,1.6115089674777654,0
4,MSL histone acetyltransferase complex,265.0,0.8874245376986705,1.8873113354861002,0
4,MYST type domain containing lysine acetyltransferases,187.0,0.7577506387770128,1.658883050650381,0
4,Mediator complex,330.0,0.0020137715993244123,0.8392464001493836,1
4,Membrane associated ring-CH-type fingers,268.0,0.003927071153263176,1.759705382644486,0
4,Methyl-CpG binding domain containing,245.0,0.00046771469403663766,2.0473539416797353,0
4,MiDAC complex subunits,285.0,0.6852799792126802,1.9515931551036396,0
4,Microtubule associated serine/threonine kinase family,178.0,0.002086527218396778,2.4862131007028156,0
4,Mitochondrial nucleoid associated proteins,100.0,7.795244900610628e-05,1.664329953975153,0
4,Mitochondrial translation release factor family,115.0,0.0006288164219825906,1.9641819552935953,0
4,Mitogen-activated protein kinase kinase kinase kinases,253.0,0.9096158676540644,1.4556300972288365,0
4,Mitogen-activated protein kinase kinase kinases,307.0,0.00360053700575982,0.8157214072482264,0
4,MutS homologs,223.0,0.0017790481139838034,1.5859567261994556,0
4,MuvB complex subunits,270.0,0.0011381057554891516,1.4788516712968323,0
4,Myb/SANT domain containing,275.0,0.00042873846953358455,0.9465596688154186,0
4,"Myosin heavy chains, class IX",261.0,0.000582911090901217,1.0272652204182513,0
4,Myotubularins,329.0,0.02696548438785674,1.4374220831354143,0
4,N-myristoyltransferase family,43.0,0.00012472391840977003,1.8097631958783382,0
4,NCoR/SMRT transcriptional repression complex subunits,261.0,0.019357325364860768,0.8639468587343541,0
4,NRZ tethering complex,187.0,0.0,2.1374147073247607,0
4,NSL histone acetyltransferase complex,211.0,0.905619505435018,1.1903379217938839,0
4,NTC associated proteins,274.0,0.07928023905417696,1.1359305523987593,0
4,NURF complex,214.0,5.8031267593434675e-05,1.608619590853491,0
4,Negative elongation factor complex members,164.0,2.6850287990992164e-05,2.843982842352731,0
4,NineTeen complex,137.0,9.527521545190767e-05,2.466083579195944,0
4,NoRC complex,271.0,0.9694079944567148,2.128919958578981,0
4,Non-canonical high mobility group,293.0,0.03969425317223161,0.9719949724074307,0
4,Non-canonical poly(A) polymerases,233.0,0.0010263739119137326,1.4647606002332354,0
4,NuRD complex subunits,273.0,0.00029275475293404356,1.0431568031380503,0
4,Nuclear RNase P complex subunits,255.0,0.0,1.2087121803669658,0
4,Nuclear exosome targeting complex,241.0,0.577103633450262,1.6952533524515743,0
4,Nuclear receptor subfamily 2 group C,222.0,0.952773807977134,1.7310117225062172,0
4,Nucleoporins,271.0,0.000223463687150838,1.6145816930750099,0
4,Nucleosome assembly protein superfamily,153.0,0.0011822788099259453,2.9927177805886656,0
4,Nucleotide excision repair,179.0,0.05411805465332814,1.2880982673209458,0
4,OTU domain containing,243.0,0.00018968429258152527,1.1704521611219554,0
4,"Olfactory receptors, family 12",142.0,0.9885340608895241,8.214554952117195,0
4,"Olfactory receptors, family 5",156.0,0.9896790957515916,4.616888390228068,0
4,"Olfactory receptors, family 51",103.0,0.9536520722359362,3.681452023664058,0
4,Origin recognition complex,254.0,0.0012013338530163268,1.5136440445019639,0
4,P-TEFb complex subunits,216.0,0.0019557403317309774,1.2594318717525483,0
4,PARN exonuclease family,227.0,0.002073535143562427,2.045186072263161,0
4,PASK family kinases,103.0,0.0,1.879591556755357,0
4,PBAF complex subunits,288.0,0.0005569269412325149,1.3468815423712568,0
4,PHD finger proteins,287.0,0.0002685028799099216,0.8339253482897393,0
4,PI4KA lipid kinase complex,147.0,0.00015677103633450262,2.1148362128478797,0
4,PIK3C3 complex subunits,250.0,0.00794768524533368,2.160210105955165,0
4,PR/SET domain family,186.0,0.935930016023559,1.8281440320687445,0
4,PTF1 complex,57.0,0.9740860075354034,6.275750930929638,0
4,Paf1/RNA polymerase II complex ,291.0,0.08831925858559612,1.5397400108957784,0
4,PeBoW complex,155.0,8.055086397297649e-05,1.433554967130608,0
4,Pecanex family,281.0,0.01700229526655407,2.0989425821308894,0
4,Pentatricopeptide repeat containing,168.0,0.014089472088692564,2.155566362008343,0
4,Peptidase family A28 ,82.0,2.1653458057251743e-05,2.0230930261636466,0
5,"5-hydroxytryptamine receptors, ionotropic ",5.0,0.000545667143042744,1.8629230953291886,0
5,"6-phosphofructo-2-kinase/fructose-2,6-biphosphatase family",10.0,0.44338833311679876,1.7869728629814758,0
5,7BS protein methyltransferases,17.0,0.9026668398943312,4.552793101845629,0
5,7BS small molecule methyltransferases,20.0,0.09092460265904466,2.125103650023152,0
5,ADP-ribosyltransferase family,9.0,0.822051015547183,2.6235122807301194,0
5,ATPase F1/V1 alpha/A and beta/B subunit family,20.0,0.0002286605170845784,2.379577514216978,0
5,Acetyl-CoA carboxylase family,5.0,9.267680048503746e-05,4.367407087822805,0
5,Acyl-CoA synthetase family,32.0,0.00045385648087999656,0.9925485864403328,1
5,Acyl-CoA thioesterases,22.0,0.00018968429258152527,1.3742900294406128,0
5,Adiponectin receptors,5.0,0.0004460612359793859,2.5933426365603838,0
5,Albuminoid family,34.0,0.9051725780607164,4.494921745708172,0
5,Alcohol dehydrogenases,33.0,0.0015200727556190724,2.730601416224967,0
5,Aldehyde dehydrogenases,39.0,0.004509116105842103,1.2233775018367734,0
5,Aldo-keto reductases,31.0,0.0009865315490883895,1.0447118993751705,1
5,Aldolases,7.0,0.00018535360097007492,2.0408608832859163,0
5,Alkaline phosphatases,5.0,0.002064873760339526,1.3939773712729473,0
5,Aminoacyl tRNA synthetase complex interacting multifunctional proteins,52.0,0.0009475553245853364,2.7302416709705217,0
5,Amylases alpha,18.0,0.9650599800788187,6.984936707738346,0
5,Angiopoietin like family,19.0,0.0008825949504135811,2.2402881256997285,0
5,Apolipoproteins,30.0,0.0027768394612619637,2.6124506504463945,0
5,Apoptosome,17.0,0.0,2.168255226801603,0
5,Arachidonate lipoxygenases,14.0,0.001177948118314495,3.9536249425696033,0
5,BPI fold containing,17.0,0.00020700705902732667,1.292850842113882,0
5,BRISC complex,74.0,0.7650781689835867,4.110625307988873,1
5,Beta-gamma crystallins,16.0,9.700749209648781e-05,3.0881755812781537,0
5,Bisphosphoglycerate phosphatases,11.0,7.362175739465594e-05,3.1441168612879116,0
5,Bombesin receptors,16.0,0.831979559135594,2.8918807939841615,0
5,CCAAT/enhancer binding proteins ,9.0,0.9007093672859556,2.232917610322946,0
5,CDGSH iron sulfur domain containing,40.0,0.004270928067212334,2.715633423003966,0
5,CELSR cadherins,6.0,2.6850287990992164e-05,2.7664754060044405,0
5,CT antigen family 45,15.0,0.0022190463817071586,3.6245489036633365,0
5,CUT class homeoboxes and pseudogenes,5.0,0.00019141656922610543,1.4199965824540204,0
5,Calcium sensing receptors,5.0,0.0033242388809492877,2.473228240379146,0
5,Calmodulin binding transcription activators ,20.0,0.0001030704603525183,3.9166716160734594,0
5,Carboxylesterases,25.0,0.0006288164219825906,1.6447721020608157,0
5,Catalase family,7.0,0.004235416395998441,4.692002793154604,0
5,Chloride voltage-gated channels,13.0,0.0009319648347841151,2.7542608481923128,0
5,Cholinergic receptors nicotinic subunits,11.0,0.0005777142609674766,1.8233640009498713,0
5,Chymotrypsin like elastases,31.0,0.9625031397514183,5.452855285124102,0
5,Chymotrypsins,24.0,0.9680628816421983,6.637717881479542,0
5,Coiled-coil-helix-coiled-coil-helix domain containing proteins,28.0,0.0010566887531938852,2.767342363721511,0
5,Complement system activation components,25.0,0.011522238101424798,3.436185539693916,0
5,Complement system regulators and receptors,21.0,0.0005907063358018276,2.646047283006048,0
5,Cornified envelope precursor family,15.0,0.00013858213156641116,4.2938078607344075,0
5,Cupredoxin superfamily,18.0,1.1259798189770906e-05,1.656743949419139,0
5,"Cystatins, type 1",7.0,0.00046251786410289727,4.331640202840635,0
5,"Cystatins, type 4",43.0,0.9418994413407822,3.183087226679994,0
5,Cytochrome P450 family 1,19.0,0.00018968429258152527,2.8897479773071533,0
5,Cytochrome P450 family 2,37.0,0.0007059027326664068,1.951661766556365,0
5,Cytochrome P450 family 26,21.0,0.0005820449525789269,1.6917214891783212,0
5,Cytochrome P450 family 27,7.0,0.00018448746264778485,1.6607940031298476,0
5,Cytochrome P450 family 3,41.0,0.17027846347061626,2.6197499066866983,0
5,Cytochrome P450 family 39,5.0,7.102334242778573e-05,3.619653235175351,0
5,Cytochrome P450 family 4,31.0,0.0006270841453380105,1.4389483840231718,0
5,Cytochrome P450 family 51,12.0,0.00027023515655450175,3.242455065325273,0
5,Cytochrome P450 family 7,28.0,0.0009328309731064052,3.368263075218365,0
5,Cytochrome P450 family 8,23.0,0.00037157334026243996,3.0321786340889525,0
5,Cytosolic iron-sulfur assembly components,28.0,6.929106578320558e-06,2.553408551329232,0
5,"Defensins, beta",46.0,0.9621281018578668,1.9131629042887952,0
5,Desmosomal cadherins,15.0,3.464553289160279e-06,3.6943615455563266,0
5,Diacylglycerol O-acyltransferase 2 family,26.0,0.7724524706595643,1.6077078184920743,0
5,Dolichyl-phosphate mannosyltransferase subunits,5.0,1.4724351478931185e-05,3.8336936528760073,0
5,Dopamine receptors,14.0,0.00018188904768091466,2.27239972983084,0
5,Dynamin superfamily,19.0,0.001688103590143346,4.074326700662381,0
5,Estrogen related receptors,11.0,9.18106621627474e-05,3.6660814902536654,0
5,FASTK mitochondrial RNA binding family,47.0,0.00016110172794595298,3.357136576612696,0
5,Fatty acid hydroxylase domain containing,31.0,0.006422415659780867,2.7197382750221255,0
5,Fibrinogen chains,29.0,0.3046728162487549,4.970360095958286,0
5,Flavoproteins,47.0,0.0013884197306309818,0.8655927470310476,1
5,G protein-coupled estrogen receptor,5.0,0.00020267636741587634,5.152568562640887,0
5,GET4-GET5 transmembrane domain recognition complex subunits,5.0,0.00010999956693083886,2.924611838698261,0
5,GOLD domain containing,39.0,0.6352942704949981,2.062966799644826,0
5,Galanin receptors,5.0,0.0010592871681607554,1.6018028490786616,0
5,Gap junction proteins,14.0,6.149582088259495e-05,2.655179740746474,0
5,Gla domain containing,31.0,0.0024018015677103634,2.144089643164512,0
5,Glutamic-oxaloacetic transaminase family,25.0,0.2543241955740332,1.8147008781228564,0
5,Glutamyl-tRNA amidotransferase subunits,8.0,0.0,2.321747370601731,0
5,Glutaredoxin domain containing,5.0,0.00037677017019618035,1.6668097322432593,0
5,Glycosyltransferase family 6,16.0,9.094452384045733e-05,3.555938265560693,0
5,Glyoxalase domain containing,42.0,0.0021332986878004417,2.376507803943553,0
5,Haloacid dehalogenase like hydrolase domain containing,62.0,0.00040448659650946256,2.5094969745029108,1
5,Histatins and statherin,5.0,9.354293880732754e-05,4.954269272027673,0
5,Histidine triad superfamily,33.0,0.000756138755359231,2.2950755076520535,0
5,Homocysteine domain containing methyltransferases,10.0,0.00027629812481053226,3.176583578561023,0
5,IGF like family,13.0,4.5039192759083625e-05,2.8848642467620245,0
5,Inhibin subunits,17.0,0.00016803083452427353,3.144218158211042,0
5,Inter-alpha-trypsin inhibitor heavy chains,28.0,0.6948516738123078,3.48815038845129,0
5,Interferons,34.0,0.5611311766489109,1.1554736515807298,1
5,Isocitrate dehydrogenases,36.0,0.00016110172794595298,2.8323855110322254,0
5,Kallikreins,13.0,2.2519596379541812e-05,2.8506654831008014,0
5,"Keratins, type I",20.0,0.0014551123814473173,2.4353829902958357,0
5,"Keratins, type II",22.0,0.0004893681520938895,2.8621784506369363,0
5,LY6/PLAUR domain containing,23.0,0.00041747867134381365,2.7190879827974155,0
5,Large subunit mitochondrial ribosomal proteins,37.0,0.00024251873024121954,1.8716695698621983,0
5,Late cornified envelope proteins,17.0,0.0057381663851717125,2.780917925659021,0
5,Leiomodins,17.0,0.00028322723138885284,3.1486066008587406,0
5,Lipases,5.0,0.00011259798189770907,1.1911408362183524,1
5,Lipocalins,23.0,0.0001143302585422892,1.092924135444736,1
5,Long intergenic non-protein coding RNAs,23.0,0.10853319475120177,1.3369602626257726,0
5,"Lysozymes, c-type",10.0,0.0003984236282534321,2.8501481128305945,0
5,M16 metallopeptidases,35.0,0.0002529123901087004,2.987247221484191,0
5,M48 metallopeptidase family,50.0,0.0014585769347364775,4.23566372785451,0
5,MAPKAPK family,7.0,5.0236022692824045e-05,2.8217359362406227,0
5,MBL domain containing glyoxalase 2 subfamily,26.0,0.0005534623879433545,2.266266881846069,0
5,MCU complex subunits,50.0,0.0009380278030401456,1.9777071314621597,0
5,MIF family,10.0,0.9455969858386385,4.226784921283243,0
5,Malate dehydrogenases,31.0,0.00016456628123511326,2.37452612982563,0
5,Melanocortin receptors,12.0,0.00012472391840977003,1.436964174348173,0
5,Melatonin receptors,30.0,0.17425663678489456,3.6947332017920105,0
5,Membrane Attack complex,32.0,0.8767493828764454,3.5315747022688657,0
5,Methionine adenosyltransferase family,8.0,0.8233138452210819,2.6940283696277683,0
5,Methylcrotonyl-CoA carboxylase subunits,15.0,0.00014724351478931187,3.769786979481077,0
5,Methyltransferases with unique structures,6.0,5.0236022692824045e-05,3.395826880442221,0
5,Microsomal glutathione S-transferases,15.0,0.000323069594214196,2.0841777462395847,0
5,Mitochondrial RNase P complex,6.0,0.0007440128188471699,4.5180567314927,0
5,Mitochondrial complex I assembly complex,37.0,0.002284006755878914,2.183365983004413,0
5,Mitochondrial complex II: succinate dehydrogenase subunits,30.0,0.0016664501320860943,3.4805712579953423,0
5,Mitochondrial complex III: ubiquinol-cytochrome c reductase complex subunits,28.0,0.14943397860638344,2.955500671248507,0
5,Mitochondrial complex IV: cytochrome c oxidase subunits,36.0,0.0003074791044129748,1.877556052097426,0
5,Mitochondrial complex V: ATP synthase subunits,29.0,0.0009536182928413669,2.6430584001007436,0
5,Mitochondrial contact site and cristae organizing system subunits,41.0,0.002210384998484258,2.50186901330751,0
5,Mitochondrial iron-sulfur assembly components,28.0,0.0002148023039279373,2.370294300400603,0
5,Mitochondrial respiratory chain complex assembly factors,47.0,0.01997574812697588,2.0057085372660026,0
5,Mitochondrial ribosomal proteins,40.0,0.0003802347234853406,2.333837308018518,0
5,Mitochondrial sorting and assembly machinery complex,20.0,0.00019834567580442598,3.3181950536857103,0
5,Mitochondrially encoded protein coding genes,48.0,0.9748421462907627,2.601948885637483,0
5,Mitofusin family,12.0,0.0001922827075483955,4.256948700749286,0
5,Mitogen-activated protein kinase kinases,10.0,0.7693508293274436,2.3206013382792468,0
5,Multicopper oxidase family,14.0,0.0037148672643021094,4.27225338072768,0
5,Myogenic regulatory family,8.0,0.7896288597288987,2.4505748259527036,0
5,Myosin binding proteins,27.0,0.7048356502533455,2.5719125969449714,0
5,"Myosin heavy chains, class II",20.0,0.837258672209952,2.3631517961870188,0
5,"Myosin heavy chains, class XVIII",21.0,0.8396769304057858,3.6722028093954253,0
5,Myosin light chain kinase family,22.0,0.06062015503875969,2.865230332967172,0
5,"Myosin light chains, class 1",14.0,0.00016716469620198346,2.4810662713007554,0
5,"Myosin light chains, class 2",24.0,0.0009137759300160236,1.8856775228932319,0
5,Myozenins,23.0,0.8307288553982072,3.3137193406018697,0
5,N- and C-terminal methyltransferases,58.0,0.00043133688450045475,1.9979013907097634,0
5,NADH:ubiquinone oxidoreductase core subunits,31.0,0.13014421203066132,2.4857043800419443,0
5,NADH:ubiquinone oxidoreductase supernumerary subunits,32.0,9.527521545190768e-06,2.691449884399966,0
5,NKL subclass homeoboxes and pseudogenes,26.0,0.9324100298817721,1.3239176025323123,0
5,Nebulin family,15.0,7.188948075007579e-05,2.588848896042242,0
5,Neuropeptide S receptor,18.0,0.845765882811485,4.309154598366208,0
5,Neuropeptides,10.0,0.00011519639686457929,1.551745441506886,0
5,Neuropeptides B and W receptors,7.0,0.0011277120956216709,3.896242572465107,0
5,Nuclear receptor subfamily 0 group B,6.0,0.00017149538781343382,4.046904173294503,0
5,Nuclear receptor subfamily 5 group A,5.0,0.006115802693690183,2.1740212719114673,0
5,Nudix hydrolase family,69.0,0.0010081850071456413,1.4480381526298596,1
5,"Olfactory receptors, family 1",30.0,0.669745788402408,1.4109185770538115,0
5,"Olfactory receptors, family 10",114.0,0.9841704560218267,1.6220327253522286,1
5,"Olfactory receptors, family 11",39.0,0.9402494478368196,1.5729810833872764,0
5,"Olfactory receptors, family 13",15.0,0.0,0.9677144474848918,1
5,"Olfactory receptors, family 2",44.0,0.939853622623533,1.1379304726939787,1
5,"Olfactory receptors, family 3",25.0,0.5120375904031874,2.4180202050845305,0
5,"Olfactory receptors, family 4",180.0,0.9920072755619073,1.5953873640076262,1
5,"Olfactory receptors, family 52",46.0,0.9418812524360141,1.5261503773537182,0
5,"Olfactory receptors, family 56",9.0,0.016188125243601404,1.8517178465714015,0
5,"Olfactory receptors, family 6",56.0,0.9815356632454203,1.6783096462266722,0
5,"Olfactory receptors, family 7",38.0,0.9444978563076524,1.5585883017208488,0
5,"Olfactory receptors, family 8",89.0,0.9842068338313629,1.516596928672506,1
5,"Olfactory receptors, family 9",29.0,0.7797115759386775,1.289845814281318,0
5,Oxoglutarate dehydrogenase complex,28.0,8.574769390671691e-05,2.0025247381384643,0
5,Oxoglutarate dehydrogenase family,14.0,0.16077865835173877,5.0897007460143175,0
5,PRAME family,59.0,0.9467974535533326,1.8007277224464333,1
5,PRD class homeoboxes and pseudogenes,23.0,0.0014014118054653329,1.6691700032223036,0
5,Paired boxes,5.0,0.0002667706032653415,1.7643875809351903,0
5,Pannexins,12.0,0.9076748516738123,2.6112871851809576,0
5,Pantothenate kinase family,62.0,0.0007838551816725132,2.652210085408912,1
5,Paraoxonases,24.0,3.637780953618293e-05,2.7011535297510605,0
5,Peptide receptors,8.0,6.149582088259495e-05,2.359874283355566,0
5,Peptidoglycan recognition proteins,12.0,0.003300853146247456,3.007846180611554,0
5,Perilipins,5.0,0.00011606253518686935,1.4242665459398254,0
5,Peroxiredoxins,24.0,0.001092200424407778,1.6794748337863044,0
